Id,Model,DiscountPrice,NormalPrice,VehicleType,EnginePower,RegistrationDate,Mileage,Location,Region,Image
1, MAN TGX 18.420 4X2,67750,67750,Standard SZM,309 kW (420 PS),4/18/2019,148814 km,Chemnitz,East,MAN TGX 18.420 4X2 BLS
2, MAN TGX 19.420 4X2,80000,67750,Baustofffahrzeug,309 kW (420 PS),4/18/2019,138814 km,Chemnitz,East,MAN TGX 18.420 4X2 BLS(2)
3, MAN TGX 19.420 4X2,67750,67750,Standard SZM,309 kW (420 PS),4/18/2019,138814 km,Chemnitz,East,MAN TGX 18.420 4X2 BLS(2)
4, Copy MAN TGX 19.420 4X2,60000,67750,Standard SZM,309 kW (420 PS),4/18/2019,138814 km,Chemnitz,East,MAN TGX 18.420 4X2 BLS(2)
5, Copy MAN TGX 19.420 4X3,67750,67750,Standard SZM,310 kW (420 PS),4/19/2019,138814 km,Chemnitz,East,MAN TGX 18.420 4X2 BLS(2)
6, Copy MAN TGX 19.420 4X4,50000,67750,Standard SZM,311 kW (420 PS),4/20/2019,138814 km,Chemnitz,East,MAN TGX 18.420 4X2 BLS(2)
7, Copy MAN TGX 19.420 4X5,67750,67750,Standard SZM,312 kW (420 PS),4/21/2019,138814 km,Chemnitz,East,MAN TGX 18.420 4X2 BLS(2)
8, Copy MAN TGX 19.420 4X6,67750,67750,Standard SZM,313 kW (420 PS),4/22/2019,138814 km,Chemnitz,East,MAN TGX 18.420 4X2 BLS(2)
9, Copy MAN TGX 19.420 4X7,10000,67750,Standard SZM,314 kW (420 PS),4/23/2019,138814 km,Chemnitz,East,MAN TGX 18.420 4X2 BLS(2)
10, Copy MAN TGX 19.420 4X8,32000,67750,Standard SZM,315 kW (420 PS),4/24/2019,138814 km,Tegucigalpa,East,MAN TGX 18.420 4X2 BLS(2)
11, Copy MAN TGX 19.420 4X9,72000,67750,Standard SZM,316 kW (420 PS),4/25/2019,138814 km,Tegucigalpa,East,MAN TGX 18.420 4X2 BLS(2)
12, Copy MAN TGX 19.420 4X10,67750,67750,Standard SZM,317 kW (420 PS),4/26/2019,138814 km,Tegucigalpa,East,MAN TGX 18.420 4X2 BLS(2)
13, Copy MAN TGX 19.420 4X11,67750,67750,Standard SZM,318 kW (420 PS),4/27/2019,138814 km,SPS,West,MAN TGX 18.420 4X2 BLS(2)
14, Copy MAN TGX 19.420 4X12,67750,67750,Standard SZM,319 kW (420 PS),4/28/2019,138814 km,SPS,West,MAN TGX 18.420 4X2 BLS(2)
15, Copy MAN TGX 19.420 4X13,67750,67750,Standard SZM,320 kW (420 PS),4/29/2019,138814 km,SPS,West,MAN TGX 18.420 4X2 BLS(2)
16, Copy MAN TGX 19.420 4X14,67750,67750,Standard SZM,321 kW (420 PS),4/30/2019,138814 km,SPS,West,MAN TGX 18.420 4X2 BLS(2)
17, Copy MAN TGX 19.420 4X15,67750,67750,Standard SZM,322 kW (420 PS),5/1/2019,138814 km,SPS,West,MAN TGX 18.420 4X2 BLS(2)
18, Copy MAN TGX 19.420 4X16,67750,67750,Standard SZM,323 kW (420 PS),5/2/2019,138814 km,SPS,West,MAN TGX 18.420 4X2 BLS(2)
19, Copy MAN TGX 19.420 4X17,35000,67750,Standard SZM,324 kW (420 PS),5/3/2019,138814 km,SPS,West,MAN TGX 18.420 4X2 BLS(2)
20, Copy MAN TGX 19.420 4X18,81300,67750,Standard SZM,325 kW (420 PS),5/4/2019,138814 km,SPS,West,MAN TGX 18.420 4X2 BLS(2)
21, Copy MAN TGX 19.420 4X19,81300,67750,Standard SZM,326 kW (420 PS),5/5/2019,138814 km,SPS,West,MAN TGX 18.420 4X2 BLS(2)
22, Copy MAN TGX 19.420 4X20,81300,67750,Standard SZM,327 kW (420 PS),5/6/2019,138814 km,SPS,West,MAN TGX 18.420 4X2 BLS(2)
23, Copy MAN TGX 19.420 4X21,81300,67750,Standard SZM,328 kW (420 PS),5/7/2019,138814 km,Tegucigalpa,East,MAN TGX 18.420 4X2 BLS(2)
24, Copy MAN TGX 19.420 4X22,81300,67750,Standard SZM,329 kW (420 PS),5/8/2019,138814 km,Tegucigalpa,East,MAN TGX 18.420 4X2 BLS(2)
25, Copy MAN TGX 19.420 4X23,81300,67750,Standard SZM,330 kW (420 PS),5/9/2019,138814 km,Tegucigalpa,East,MAN TGX 18.420 4X2 BLS(2)
26, Copy MAN TGX 19.420 4X24,81300,67750,Standard SZM,331 kW (420 PS),5/10/2019,138814 km,Tegucigalpa,East,MAN TGX 18.420 4X2 BLS(2)
27, Copy MAN TGX 19.420 4X25,81300,67750,Standard SZM,332 kW (420 PS),5/11/2019,138814 km,Tegucigalpa,East,MAN TGX 18.420 4X2 BLS(2)
28, Copy MAN TGX 19.420 4X26,81300,67750,Standard SZM,333 kW (420 PS),5/12/2019,138814 km,Tegucigalpa,East,MAN TGX 18.420 4X2 BLS(2)
29, Copy MAN TGX 19.420 4X27,81300,67750,Standard SZM,334 kW (420 PS),5/13/2019,138814 km,Tegucigalpa,East,MAN TGX 18.420 4X2 BLS(2)
30, Copy MAN TGX 19.420 4X28,81300,67750,Standard SZM,335 kW (420 PS),5/14/2019,138814 km,Tegucigalpa,East,MAN TGX 18.420 4X2 BLS(2)
31, Copy MAN TGX 19.420 4X29,81300,67750,Standard SZM,336 kW (420 PS),5/15/2019,138814 km,Tegucigalpa,East,MAN TGX 18.420 4X2 BLS(2)
32, Copy MAN TGX 19.420 4X30,81300,67750,Standard SZM,337 kW (420 PS),5/16/2019,138814 km,Tegucigalpa,East,MAN TGX 18.420 4X2 BLS(2)
33, Copy MAN TGX 19.420 4X31,81300,67750,Standard SZM,338 kW (420 PS),5/17/2019,138814 km,Tegucigalpa,East,MAN TGX 18.420 4X2 BLS(2)
34, Copy MAN TGX 19.420 4X32,81300,67750,Standard SZM,339 kW (420 PS),5/18/2019,138814 km,Tegucigalpa,East,MAN TGX 18.420 4X2 BLS(2)
35, Copy MAN TGX 19.420 4X33,81300,67750,Standard SZM,340 kW (420 PS),5/19/2019,138814 km,Tegucigalpa,East,MAN TGX 18.420 4X2 BLS(2)
36, Copy MAN TGX 19.420 4X34,81300,67750,Standard SZM,341 kW (420 PS),5/20/2019,138814 km,Tegucigalpa,East,MAN TGX 18.420 4X2 BLS(2)
37, Copy MAN TGX 19.420 4X35,81300,67750,Standard SZM,342 kW (420 PS),5/21/2019,138814 km,Tegucigalpa,East,MAN TGX 18.420 4X2 BLS(2)
38, Copy MAN TGX 19.420 4X36,81300,67750,Standard SZM,343 kW (420 PS),5/22/2019,138814 km,Tegucigalpa,East,MAN TGX 18.420 4X2 BLS(2)
39, Copy MAN TGX 19.420 4X37,81300,67750,Standard SZM,344 kW (420 PS),5/23/2019,138814 km,Tegucigalpa,East,MAN TGX 18.420 4X2 BLS(2)
40, Copy MAN TGX 19.420 4X38,81300,67750,Standard SZM,345 kW (420 PS),5/24/2019,138814 km,Tegucigalpa,East,MAN TGX 18.420 4X2 BLS(2)
41, Copy MAN TGX 19.420 4X39,81300,67750,Standard SZM,346 kW (420 PS),5/25/2019,138814 km,Tegucigalpa,East,MAN TGX 18.420 4X2 BLS(2)
42, Copy MAN TGX 19.420 4X40,81300,67750,Standard SZM,347 kW (420 PS),5/26/2019,138814 km,Tegucigalpa,East,MAN TGX 18.420 4X2 BLS(2)
43, Copy MAN TGX 19.420 4X41,81300,67750,Standard SZM,348 kW (420 PS),5/27/2019,138814 km,Tegucigalpa,East,MAN TGX 18.420 4X2 BLS(2)
44, Copy MAN TGX 19.420 4X42,81300,67750,Standard SZM,349 kW (420 PS),5/28/2019,138814 km,Tegucigalpa,East,MAN TGX 18.420 4X2 BLS(2)
45, Copy MAN TGX 19.420 4X43,81300,67750,Standard SZM,350 kW (420 PS),5/29/2019,138814 km,Tegucigalpa,East,MAN TGX 18.420 4X2 BLS(2)
46, Copy MAN TGX 19.420 4X44,81300,67750,Standard SZM,351 kW (420 PS),5/30/2019,138814 km,Tegucigalpa,East,MAN TGX 18.420 4X2 BLS(2)
47, Copy MAN TGX 19.420 4X45,81300,67750,Standard SZM,352 kW (420 PS),5/31/2019,138814 km,Tegucigalpa,East,MAN TGX 18.420 4X2 BLS(2)
48, Copy MAN TGX 19.420 4X46,81300,67750,Standard SZM,353 kW (420 PS),6/1/2019,138814 km,Tegucigalpa,East,MAN TGX 18.420 4X2 BLS(2)
49, Copy MAN TGX 19.420 4X47,81300,67750,Standard SZM,354 kW (420 PS),6/2/2019,138814 km,Tegucigalpa,East,MAN TGX 18.420 4X2 BLS(2)
50, Copy MAN TGX 19.420 4X48,81300,67750,Standard SZM,355 kW (420 PS),6/3/2019,138814 km,Tegucigalpa,East,MAN TGX 18.420 4X2 BLS(2)
51, Copy MAN TGX 19.420 4X49,81300,67750,Standard SZM,356 kW (420 PS),6/4/2019,138814 km,Tegucigalpa,East,MAN TGX 18.420 4X2 BLS(2)
52, Copy MAN TGX 19.420 4X50,81300,67750,Standard SZM,357 kW (420 PS),6/5/2019,138814 km,Tegucigalpa,East,MAN TGX 18.420 4X2 BLS(2)
53, Copy MAN TGX 19.420 4X51,81300,67750,Standard SZM,358 kW (420 PS),6/6/2019,138814 km,Tegucigalpa,East,MAN TGX 18.420 4X2 BLS(2)
54, Copy MAN TGX 19.420 4X52,81300,67750,Standard SZM,359 kW (420 PS),6/7/2019,138814 km,Tegucigalpa,East,MAN TGX 18.420 4X2 BLS(2)
55, Copy MAN TGX 19.420 4X53,81300,67750,Standard SZM,360 kW (420 PS),6/8/2019,138814 km,Tegucigalpa,East,MAN TGX 18.420 4X2 BLS(2)
56, Copy MAN TGX 19.420 4X54,81300,67750,Standard SZM,361 kW (420 PS),6/9/2019,138814 km,Tegucigalpa,East,MAN TGX 18.420 4X2 BLS(2)
57, Copy MAN TGX 19.420 4X55,81300,67750,Standard SZM,362 kW (420 PS),6/10/2019,138814 km,Tegucigalpa,East,MAN TGX 18.420 4X2 BLS(2)
58, Copy MAN TGX 19.420 4X56,81300,67750,Standard SZM,363 kW (420 PS),6/11/2019,138814 km,Tegucigalpa,East,MAN TGX 18.420 4X2 BLS(2)
59, Copy MAN TGX 19.420 4X57,81300,67750,Standard SZM,364 kW (420 PS),6/12/2019,138814 km,Tegucigalpa,East,MAN TGX 18.420 4X2 BLS(2)
60, Copy MAN TGX 19.420 4X58,81300,67750,Standard SZM,365 kW (420 PS),6/13/2019,138814 km,Tegucigalpa,East,MAN TGX 18.420 4X2 BLS(2)
61, Copy MAN TGX 19.420 4X59,81300,67750,Standard SZM,366 kW (420 PS),6/14/2019,138814 km,Tegucigalpa,East,MAN TGX 18.420 4X2 BLS(2)
62, Copy MAN TGX 19.420 4X60,81300,67750,Standard SZM,367 kW (420 PS),6/15/2019,138814 km,Tegucigalpa,East,MAN TGX 18.420 4X2 BLS(2)
63, Copy MAN TGX 19.420 4X61,81300,67750,Standard SZM,368 kW (420 PS),6/16/2019,138814 km,Tegucigalpa,East,MAN TGX 18.420 4X2 BLS(2)
64, Copy MAN TGX 19.420 4X62,81300,67750,Standard SZM,369 kW (420 PS),6/17/2019,138814 km,Tegucigalpa,East,MAN TGX 18.420 4X2 BLS(2)
65, Copy MAN TGX 19.420 4X63,81300,67750,Standard SZM,370 kW (420 PS),6/18/2019,138814 km,Tegucigalpa,East,MAN TGX 18.420 4X2 BLS(2)
66, Copy MAN TGX 19.420 4X64,81300,67750,Standard SZM,371 kW (420 PS),6/19/2019,138814 km,Tegucigalpa,East,MAN TGX 18.420 4X2 BLS(2)
67, Copy MAN TGX 19.420 4X65,81300,67750,Standard SZM,372 kW (420 PS),6/20/2019,138814 km,Tegucigalpa,East,MAN TGX 18.420 4X2 BLS(2)
68, Copy MAN TGX 19.420 4X66,81300,67750,Standard SZM,373 kW (420 PS),6/21/2019,138814 km,Tegucigalpa,East,MAN TGX 18.420 4X2 BLS(2)
69, Copy MAN TGX 19.420 4X67,81300,67750,Standard SZM,374 kW (420 PS),6/22/2019,138814 km,Tegucigalpa,East,MAN TGX 18.420 4X2 BLS(2)
70, Copy MAN TGX 19.420 4X68,81300,67750,Standard SZM,375 kW (420 PS),6/23/2019,138814 km,Tegucigalpa,East,MAN TGX 18.420 4X2 BLS(2)
71, Copy MAN TGX 19.420 4X69,81300,67750,Standard SZM,376 kW (420 PS),6/24/2019,138814 km,Tegucigalpa,East,MAN TGX 18.420 4X2 BLS(2)
72, Copy MAN TGX 19.420 4X70,81300,67750,Standard SZM,377 kW (420 PS),6/25/2019,138814 km,Tegucigalpa,East,MAN TGX 18.420 4X2 BLS(2)
73, Copy MAN TGX 19.420 4X71,81300,67750,Standard SZM,378 kW (420 PS),6/26/2019,138814 km,Tegucigalpa,East,MAN TGX 18.420 4X2 BLS(2)
74, Copy MAN TGX 19.420 4X72,81300,67750,Standard SZM,379 kW (420 PS),6/27/2019,138814 km,Tegucigalpa,East,MAN TGX 18.420 4X2 BLS(2)
75, Copy MAN TGX 19.420 4X73,81300,67750,Standard SZM,380 kW (420 PS),6/28/2019,138814 km,Tegucigalpa,East,MAN TGX 18.420 4X2 BLS(2)
76, Copy MAN TGX 19.420 4X74,81300,67750,Standard SZM,381 kW (420 PS),6/29/2019,138814 km,Tegucigalpa,East,MAN TGX 18.420 4X2 BLS(2)
77, Copy MAN TGX 19.420 4X75,81300,67750,Standard SZM,382 kW (420 PS),6/30/2019,138814 km,Tegucigalpa,East,MAN TGX 18.420 4X2 BLS(2)
78, Copy MAN TGX 19.420 4X76,81300,67750,Standard SZM,383 kW (420 PS),7/1/2019,138814 km,Tegucigalpa,East,MAN TGX 18.420 4X2 BLS(2)
79, Copy MAN TGX 19.420 4X77,81300,67750,Standard SZM,384 kW (420 PS),7/2/2019,138814 km,Tegucigalpa,East,MAN TGX 18.420 4X2 BLS(2)
80, Copy MAN TGX 19.420 4X78,81300,67750,Standard SZM,385 kW (420 PS),7/3/2019,138814 km,Tegucigalpa,East,MAN TGX 18.420 4X2 BLS(2)
81, Copy MAN TGX 19.420 4X79,81300,67750,Standard SZM,386 kW (420 PS),7/4/2019,138814 km,Tegucigalpa,East,MAN TGX 18.420 4X2 BLS(2)
82, Copy MAN TGX 19.420 4X80,81300,67750,Standard SZM,387 kW (420 PS),7/5/2019,138814 km,Tegucigalpa,East,MAN TGX 18.420 4X2 BLS(2)
83, Copy MAN TGX 19.420 4X81,81300,67750,Standard SZM,388 kW (420 PS),7/6/2019,138814 km,Tegucigalpa,East,MAN TGX 18.420 4X2 BLS(2)
84, Copy MAN TGX 19.420 4X82,81300,67750,Standard SZM,389 kW (420 PS),7/7/2019,138814 km,Tegucigalpa,East,MAN TGX 18.420 4X2 BLS(2)
85, Copy MAN TGX 19.420 4X83,81300,67750,Standard SZM,390 kW (420 PS),7/8/2019,138814 km,Tegucigalpa,East,MAN TGX 18.420 4X2 BLS(2)
86, Copy MAN TGX 19.420 4X84,81300,67750,Standard SZM,391 kW (420 PS),7/9/2019,138814 km,Tegucigalpa,East,MAN TGX 18.420 4X2 BLS(2)
87, Copy MAN TGX 19.420 4X85,81300,67750,Standard SZM,392 kW (420 PS),7/10/2019,138814 km,Tegucigalpa,East,MAN TGX 18.420 4X2 BLS(2)
88, Copy MAN TGX 19.420 4X86,81300,67750,Standard SZM,393 kW (420 PS),7/11/2019,138814 km,Tegucigalpa,East,MAN TGX 18.420 4X2 BLS(2)
89, Copy MAN TGX 19.420 4X87,81300,67750,Standard SZM,394 kW (420 PS),7/12/2019,138814 km,Tegucigalpa,East,MAN TGX 18.420 4X2 BLS(2)
90, Copy MAN TGX 19.420 4X88,81300,67750,Standard SZM,395 kW (420 PS),7/13/2019,138814 km,Tegucigalpa,East,MAN TGX 18.420 4X2 BLS(2)
91, Copy MAN TGX 19.420 4X89,81300,67750,Standard SZM,396 kW (420 PS),7/14/2019,138814 km,Tegucigalpa,East,MAN TGX 18.420 4X2 BLS(2)
92, Copy MAN TGX 19.420 4X90,81300,67750,Standard SZM,397 kW (420 PS),7/15/2019,138814 km,Tegucigalpa,East,MAN TGX 18.420 4X2 BLS(2)
93, Copy MAN TGX 19.420 4X91,81300,67750,Standard SZM,398 kW (420 PS),7/16/2019,138814 km,Tegucigalpa,East,MAN TGX 18.420 4X2 BLS(2)
94, Copy MAN TGX 19.420 4X92,81300,67750,Standard SZM,399 kW (420 PS),7/17/2019,138814 km,Tegucigalpa,East,MAN TGX 18.420 4X2 BLS(2)
95, Copy MAN TGX 19.420 4X93,81300,67750,Standard SZM,400 kW (420 PS),7/18/2019,138814 km,Tegucigalpa,East,MAN TGX 18.420 4X2 BLS(2)
96, Copy MAN TGX 19.420 4X94,81300,67750,Standard SZM,401 kW (420 PS),7/19/2019,138814 km,Tegucigalpa,East,MAN TGX 18.420 4X2 BLS(2)
97, Copy MAN TGX 19.420 4X95,81300,67750,Standard SZM,402 kW (420 PS),7/20/2019,138814 km,Tegucigalpa,East,MAN TGX 18.420 4X2 BLS(2)
98, Copy MAN TGX 19.420 4X96,81300,67750,Standard SZM,403 kW (420 PS),7/21/2019,138814 km,Tegucigalpa,East,MAN TGX 18.420 4X2 BLS(2)
99, Copy MAN TGX 19.420 4X97,81300,67750,Standard SZM,404 kW (420 PS),7/22/2019,138814 km,Tegucigalpa,East,MAN TGX 18.420 4X2 BLS(2)
100, Copy MAN TGX 19.420 4X98,81300,67750,Standard SZM,405 kW (420 PS),7/23/2019,138814 km,Tegucigalpa,East,MAN TGX 18.420 4X2 BLS(2)
101, Copy MAN TGX 19.420 4X99,81300,67750,Standard SZM,406 kW (420 PS),7/24/2019,138814 km,Tegucigalpa,East,MAN TGX 18.420 4X2 BLS(2)
102, Copy MAN TGX 19.420 4X100,81300,67750,Standard SZM,407 kW (420 PS),7/25/2019,138814 km,Tegucigalpa,East,MAN TGX 18.420 4X2 BLS(2)
103, Copy MAN TGX 19.420 4X101,81300,67750,Standard SZM,408 kW (420 PS),7/26/2019,138814 km,Tegucigalpa,East,MAN TGX 18.420 4X2 BLS(2)
104, Copy MAN TGX 19.420 4X102,81300,67750,Standard SZM,409 kW (420 PS),7/27/2019,138814 km,Tegucigalpa,East,MAN TGX 18.420 4X2 BLS(2)
105, Copy MAN TGX 19.420 4X103,81300,67750,Standard SZM,410 kW (420 PS),7/28/2019,138814 km,Tegucigalpa,East,MAN TGX 18.420 4X2 BLS(2)
106, Copy MAN TGX 19.420 4X104,81300,67750,Standard SZM,411 kW (420 PS),7/29/2019,138814 km,Tegucigalpa,East,MAN TGX 18.420 4X2 BLS(2)
107, Copy MAN TGX 19.420 4X105,81300,67750,Standard SZM,412 kW (420 PS),7/30/2019,138814 km,Tegucigalpa,East,MAN TGX 18.420 4X2 BLS(2)
108, Copy MAN TGX 19.420 4X106,81300,67750,Standard SZM,413 kW (420 PS),7/31/2019,138814 km,Tegucigalpa,East,MAN TGX 18.420 4X2 BLS(2)
109, Copy MAN TGX 19.420 4X107,81300,67750,Standard SZM,414 kW (420 PS),8/1/2019,138814 km,Tegucigalpa,East,MAN TGX 18.420 4X2 BLS(2)
110, Copy MAN TGX 19.420 4X108,81300,67750,Standard SZM,415 kW (420 PS),8/2/2019,138814 km,Tegucigalpa,East,MAN TGX 18.420 4X2 BLS(2)
111, Copy MAN TGX 19.420 4X109,81300,67750,Standard SZM,416 kW (420 PS),8/3/2019,138814 km,Tegucigalpa,East,MAN TGX 18.420 4X2 BLS(2)
112, Copy MAN TGX 19.420 4X110,81300,67750,Standard SZM,417 kW (420 PS),8/4/2019,138814 km,Tegucigalpa,East,MAN TGX 18.420 4X2 BLS(2)
113, Copy MAN TGX 19.420 4X111,81300,67750,Standard SZM,418 kW (420 PS),8/5/2019,138814 km,Tegucigalpa,East,MAN TGX 18.420 4X2 BLS(2)
114, Copy MAN TGX 19.420 4X112,81300,67750,Standard SZM,419 kW (420 PS),8/6/2019,138814 km,Tegucigalpa,East,MAN TGX 18.420 4X2 BLS(2)
115, Copy MAN TGX 19.420 4X113,81300,67750,Standard SZM,420 kW (420 PS),8/7/2019,138814 km,Tegucigalpa,East,MAN TGX 18.420 4X2 BLS(2)
116, Copy MAN TGX 19.420 4X114,81300,67750,Standard SZM,421 kW (420 PS),8/8/2019,138814 km,Tegucigalpa,East,MAN TGX 18.420 4X2 BLS(2)
117, Copy MAN TGX 19.420 4X115,81300,67750,Standard SZM,422 kW (420 PS),8/9/2019,138814 km,Tegucigalpa,East,MAN TGX 18.420 4X2 BLS(2)
118, Copy MAN TGX 19.420 4X116,81300,67750,Standard SZM,423 kW (420 PS),8/10/2019,138814 km,Tegucigalpa,East,MAN TGX 18.420 4X2 BLS(2)
119, Copy MAN TGX 19.420 4X117,81300,67750,Standard SZM,424 kW (420 PS),8/11/2019,138814 km,Tegucigalpa,East,MAN TGX 18.420 4X2 BLS(2)
120, Copy MAN TGX 19.420 4X118,81300,67750,Standard SZM,425 kW (420 PS),8/12/2019,138814 km,Tegucigalpa,East,MAN TGX 18.420 4X2 BLS(2)
121, Copy MAN TGX 19.420 4X119,81300,67750,Standard SZM,426 kW (420 PS),8/13/2019,138814 km,Tegucigalpa,East,MAN TGX 18.420 4X2 BLS(2)
122, Copy MAN TGX 19.420 4X120,81300,67750,Standard SZM,427 kW (420 PS),8/14/2019,138814 km,Tegucigalpa,East,MAN TGX 18.420 4X2 BLS(2)
123, Copy MAN TGX 19.420 4X121,81300,67750,Standard SZM,428 kW (420 PS),8/15/2019,138814 km,Tegucigalpa,East,MAN TGX 18.420 4X2 BLS(2)
124, Copy MAN TGX 19.420 4X122,81300,67750,Standard SZM,429 kW (420 PS),8/16/2019,138814 km,Tegucigalpa,East,MAN TGX 18.420 4X2 BLS(2)
125, Copy MAN TGX 19.420 4X123,81300,67750,Standard SZM,430 kW (420 PS),8/17/2019,138814 km,Tegucigalpa,East,MAN TGX 18.420 4X2 BLS(2)
126, Copy MAN TGX 19.420 4X124,81300,67750,Standard SZM,431 kW (420 PS),8/18/2019,138814 km,Tegucigalpa,East,MAN TGX 18.420 4X2 BLS(2)
127, Copy MAN TGX 19.420 4X125,81300,67750,Standard SZM,432 kW (420 PS),8/19/2019,138814 km,Tegucigalpa,East,MAN TGX 18.420 4X2 BLS(2)
128, Copy MAN TGX 19.420 4X126,81300,67750,Standard SZM,433 kW (420 PS),8/20/2019,138814 km,Tegucigalpa,East,MAN TGX 18.420 4X2 BLS(2)
129, Copy MAN TGX 19.420 4X127,81300,67750,Standard SZM,434 kW (420 PS),8/21/2019,138814 km,Tegucigalpa,East,MAN TGX 18.420 4X2 BLS(2)
130, Copy MAN TGX 19.420 4X128,81300,67750,Standard SZM,435 kW (420 PS),8/22/2019,138814 km,Tegucigalpa,East,MAN TGX 18.420 4X2 BLS(2)
131, Copy MAN TGX 19.420 4X129,81300,67750,Standard SZM,436 kW (420 PS),8/23/2019,138814 km,Tegucigalpa,East,MAN TGX 18.420 4X2 BLS(2)
132, Copy MAN TGX 19.420 4X130,81300,67750,Standard SZM,437 kW (420 PS),8/24/2019,138814 km,Tegucigalpa,East,MAN TGX 18.420 4X2 BLS(2)
133, Copy MAN TGX 19.420 4X131,81300,67750,Standard SZM,438 kW (420 PS),8/25/2019,138814 km,Tegucigalpa,East,MAN TGX 18.420 4X2 BLS(2)
134, Copy MAN TGX 19.420 4X132,81300,67750,Standard SZM,439 kW (420 PS),8/26/2019,138814 km,Tegucigalpa,East,MAN TGX 18.420 4X2 BLS(2)
135, Copy MAN TGX 19.420 4X133,81300,67750,Standard SZM,440 kW (420 PS),8/27/2019,138814 km,Tegucigalpa,East,MAN TGX 18.420 4X2 BLS(2)
136, Copy MAN TGX 19.420 4X134,81300,67750,Standard SZM,441 kW (420 PS),8/28/2019,138814 km,Tegucigalpa,East,MAN TGX 18.420 4X2 BLS(2)
137, Copy MAN TGX 19.420 4X135,81300,67750,Standard SZM,442 kW (420 PS),8/29/2019,138814 km,Tegucigalpa,East,MAN TGX 18.420 4X2 BLS(2)
138, Copy MAN TGX 19.420 4X136,81300,67750,Standard SZM,443 kW (420 PS),8/30/2019,138814 km,Tegucigalpa,East,MAN TGX 18.420 4X2 BLS(2)
139, Copy MAN TGX 19.420 4X137,81300,67750,Standard SZM,444 kW (420 PS),8/31/2019,138814 km,Tegucigalpa,East,MAN TGX 18.420 4X2 BLS(2)
140, Copy MAN TGX 19.420 4X138,81300,67750,Standard SZM,445 kW (420 PS),9/1/2019,138814 km,Tegucigalpa,East,MAN TGX 18.420 4X2 BLS(2)
141, Copy MAN TGX 19.420 4X139,81300,67750,Standard SZM,446 kW (420 PS),9/2/2019,138814 km,Tegucigalpa,East,MAN TGX 18.420 4X2 BLS(2)
142, Copy MAN TGX 19.420 4X140,81300,67750,Standard SZM,447 kW (420 PS),9/3/2019,138814 km,Tegucigalpa,East,MAN TGX 18.420 4X2 BLS(2)
143, Copy MAN TGX 19.420 4X141,81300,67750,Standard SZM,448 kW (420 PS),9/4/2019,138814 km,Tegucigalpa,East,MAN TGX 18.420 4X2 BLS(2)
144, Copy MAN TGX 19.420 4X142,81300,67750,Standard SZM,449 kW (420 PS),9/5/2019,138814 km,Tegucigalpa,East,MAN TGX 18.420 4X2 BLS(2)
145, Copy MAN TGX 19.420 4X143,81300,67750,Standard SZM,450 kW (420 PS),9/6/2019,138814 km,Tegucigalpa,East,MAN TGX 18.420 4X2 BLS(2)
146, Copy MAN TGX 19.420 4X144,81300,67750,Standard SZM,451 kW (420 PS),9/7/2019,138814 km,Tegucigalpa,East,MAN TGX 18.420 4X2 BLS(2)
147, Copy MAN TGX 19.420 4X145,81300,67750,Standard SZM,452 kW (420 PS),9/8/2019,138814 km,Tegucigalpa,East,MAN TGX 18.420 4X2 BLS(2)
148, Copy MAN TGX 19.420 4X146,81300,67750,Standard SZM,453 kW (420 PS),9/9/2019,138814 km,Tegucigalpa,East,MAN TGX 18.420 4X2 BLS(2)
149, Copy MAN TGX 19.420 4X147,81300,67750,Standard SZM,454 kW (420 PS),9/10/2019,138814 km,Tegucigalpa,East,MAN TGX 18.420 4X2 BLS(2)
150, Copy MAN TGX 19.420 4X148,81300,67750,Standard SZM,455 kW (420 PS),9/11/2019,138814 km,Tegucigalpa,East,MAN TGX 18.420 4X2 BLS(2)
151, Copy MAN TGX 19.420 4X149,81300,67750,Standard SZM,456 kW (420 PS),9/12/2019,138814 km,Tegucigalpa,East,MAN TGX 18.420 4X2 BLS(2)
152, Copy MAN TGX 19.420 4X150,81300,67750,Standard SZM,457 kW (420 PS),9/13/2019,138814 km,Tegucigalpa,East,MAN TGX 18.420 4X2 BLS(2)
153, Copy MAN TGX 19.420 4X151,81300,67750,Standard SZM,458 kW (420 PS),9/14/2019,138814 km,Tegucigalpa,East,MAN TGX 18.420 4X2 BLS(2)
154, Copy MAN TGX 19.420 4X152,81300,67750,Standard SZM,459 kW (420 PS),9/15/2019,138814 km,Tegucigalpa,East,MAN TGX 18.420 4X2 BLS(2)
155, Copy MAN TGX 19.420 4X153,81300,67750,Standard SZM,460 kW (420 PS),9/16/2019,138814 km,Tegucigalpa,East,MAN TGX 18.420 4X2 BLS(2)
156, Copy MAN TGX 19.420 4X154,81300,67750,Standard SZM,461 kW (420 PS),9/17/2019,138814 km,Tegucigalpa,East,MAN TGX 18.420 4X2 BLS(2)
157, Copy MAN TGX 19.420 4X155,81300,67750,Standard SZM,462 kW (420 PS),9/18/2019,138814 km,Tegucigalpa,East,MAN TGX 18.420 4X2 BLS(2)
158, Copy MAN TGX 19.420 4X156,81300,67750,Standard SZM,463 kW (420 PS),9/19/2019,138814 km,Tegucigalpa,East,MAN TGX 18.420 4X2 BLS(2)
159, Copy MAN TGX 19.420 4X157,81300,67750,Standard SZM,464 kW (420 PS),9/20/2019,138814 km,Tegucigalpa,East,MAN TGX 18.420 4X2 BLS(2)
160, Copy MAN TGX 19.420 4X158,81300,67750,Standard SZM,465 kW (420 PS),9/21/2019,138814 km,Tegucigalpa,East,MAN TGX 18.420 4X2 BLS(2)
161, Copy MAN TGX 19.420 4X159,81300,67750,Standard SZM,466 kW (420 PS),9/22/2019,138814 km,Tegucigalpa,East,MAN TGX 18.420 4X2 BLS(2)
162, Copy MAN TGX 19.420 4X160,81300,67750,Standard SZM,467 kW (420 PS),9/23/2019,138814 km,Tegucigalpa,East,MAN TGX 18.420 4X2 BLS(2)
163, Copy MAN TGX 19.420 4X161,81300,67750,Standard SZM,468 kW (420 PS),9/24/2019,138814 km,Tegucigalpa,East,MAN TGX 18.420 4X2 BLS(2)
164, Copy MAN TGX 19.420 4X162,81300,67750,Standard SZM,469 kW (420 PS),9/25/2019,138814 km,Tegucigalpa,East,MAN TGX 18.420 4X2 BLS(2)
165, Copy MAN TGX 19.420 4X163,81300,67750,Standard SZM,470 kW (420 PS),9/26/2019,138814 km,Tegucigalpa,East,MAN TGX 18.420 4X2 BLS(2)
166, Copy MAN TGX 19.420 4X164,81300,67750,Standard SZM,471 kW (420 PS),9/27/2019,138814 km,Tegucigalpa,East,MAN TGX 18.420 4X2 BLS(2)
167, Copy MAN TGX 19.420 4X165,81300,67750,Standard SZM,472 kW (420 PS),9/28/2019,138814 km,Tegucigalpa,East,MAN TGX 18.420 4X2 BLS(2)
168, Copy MAN TGX 19.420 4X166,81300,67750,Standard SZM,473 kW (420 PS),9/29/2019,138814 km,Tegucigalpa,East,MAN TGX 18.420 4X2 BLS(2)
169, Copy MAN TGX 19.420 4X167,81300,67750,Standard SZM,474 kW (420 PS),9/30/2019,138814 km,Tegucigalpa,East,MAN TGX 18.420 4X2 BLS(2)
170, Copy MAN TGX 19.420 4X168,81300,67750,Standard SZM,475 kW (420 PS),10/1/2019,138814 km,Tegucigalpa,East,MAN TGX 18.420 4X2 BLS(2)
171, Copy MAN TGX 19.420 4X169,81300,67750,Standard SZM,476 kW (420 PS),10/2/2019,138814 km,Tegucigalpa,East,MAN TGX 18.420 4X2 BLS(2)
172, Copy MAN TGX 19.420 4X170,81300,67750,Standard SZM,477 kW (420 PS),10/3/2019,138814 km,Tegucigalpa,East,MAN TGX 18.420 4X2 BLS(2)
173, Copy MAN TGX 19.420 4X171,81300,67750,Standard SZM,478 kW (420 PS),10/4/2019,138814 km,Tegucigalpa,East,MAN TGX 18.420 4X2 BLS(2)
174, Copy MAN TGX 19.420 4X172,81300,67750,Standard SZM,479 kW (420 PS),10/5/2019,138814 km,Tegucigalpa,East,MAN TGX 18.420 4X2 BLS(2)
175, Copy MAN TGX 19.420 4X173,81300,67750,Standard SZM,480 kW (420 PS),10/6/2019,138814 km,Tegucigalpa,East,MAN TGX 18.420 4X2 BLS(2)
176, Copy MAN TGX 19.420 4X174,81300,67750,Standard SZM,481 kW (420 PS),10/7/2019,138814 km,Tegucigalpa,East,MAN TGX 18.420 4X2 BLS(2)
177, Copy MAN TGX 19.420 4X175,81300,67750,Standard SZM,482 kW (420 PS),10/8/2019,138814 km,Tegucigalpa,East,MAN TGX 18.420 4X2 BLS(2)
178, Copy MAN TGX 19.420 4X176,81300,67750,Standard SZM,483 kW (420 PS),10/9/2019,138814 km,Tegucigalpa,East,MAN TGX 18.420 4X2 BLS(2)
179, Copy MAN TGX 19.420 4X177,81300,67750,Standard SZM,484 kW (420 PS),10/10/2019,138814 km,Tegucigalpa,East,MAN TGX 18.420 4X2 BLS(2)
180, Copy MAN TGX 19.420 4X178,81300,67750,Standard SZM,485 kW (420 PS),10/11/2019,138814 km,Tegucigalpa,East,MAN TGX 18.420 4X2 BLS(2)
181, Copy MAN TGX 19.420 4X179,81300,67750,Standard SZM,486 kW (420 PS),10/12/2019,138814 km,Tegucigalpa,East,MAN TGX 18.420 4X2 BLS(2)
182, Copy MAN TGX 19.420 4X180,81300,67750,Standard SZM,487 kW (420 PS),10/13/2019,138814 km,Tegucigalpa,East,MAN TGX 18.420 4X2 BLS(2)
183, Copy MAN TGX 19.420 4X181,81300,67750,Standard SZM,488 kW (420 PS),10/14/2019,138814 km,Tegucigalpa,East,MAN TGX 18.420 4X2 BLS(2)
184, Copy MAN TGX 19.420 4X182,81300,67750,Standard SZM,489 kW (420 PS),10/15/2019,138814 km,Tegucigalpa,East,MAN TGX 18.420 4X2 BLS(2)
185, Copy MAN TGX 19.420 4X183,81300,67750,Standard SZM,490 kW (420 PS),10/16/2019,138814 km,Tegucigalpa,East,MAN TGX 18.420 4X2 BLS(2)
186, Copy MAN TGX 19.420 4X184,81300,67750,Standard SZM,491 kW (420 PS),10/17/2019,138814 km,Tegucigalpa,East,MAN TGX 18.420 4X2 BLS(2)
187, Copy MAN TGX 19.420 4X185,81300,67750,Standard SZM,492 kW (420 PS),10/18/2019,138814 km,Tegucigalpa,East,MAN TGX 18.420 4X2 BLS(2)
188, Copy MAN TGX 19.420 4X186,81300,67750,Standard SZM,493 kW (420 PS),10/19/2019,138814 km,Tegucigalpa,East,MAN TGX 18.420 4X2 BLS(2)
189, Copy MAN TGX 19.420 4X187,81300,67750,Standard SZM,494 kW (420 PS),10/20/2019,138814 km,Tegucigalpa,East,MAN TGX 18.420 4X2 BLS(2)
190, Copy MAN TGX 19.420 4X188,81300,67750,Standard SZM,495 kW (420 PS),10/21/2019,138814 km,Tegucigalpa,East,MAN TGX 18.420 4X2 BLS(2)
191, Copy MAN TGX 19.420 4X189,81300,67750,Standard SZM,496 kW (420 PS),10/22/2019,138814 km,Tegucigalpa,East,MAN TGX 18.420 4X2 BLS(2)
192, Copy MAN TGX 19.420 4X190,81300,67750,Standard SZM,497 kW (420 PS),10/23/2019,138814 km,Tegucigalpa,East,MAN TGX 18.420 4X2 BLS(2)
193, Copy MAN TGX 19.420 4X191,81300,67750,Standard SZM,498 kW (420 PS),10/24/2019,138814 km,Tegucigalpa,East,MAN TGX 18.420 4X2 BLS(2)
194, Copy MAN TGX 19.420 4X192,81300,67750,Standard SZM,499 kW (420 PS),10/25/2019,138814 km,Tegucigalpa,East,MAN TGX 18.420 4X2 BLS(2)
195, Copy MAN TGX 19.420 4X193,81300,67750,Standard SZM,500 kW (420 PS),10/26/2019,138814 km,Tegucigalpa,East,MAN TGX 18.420 4X2 BLS(2)
196, Copy MAN TGX 19.420 4X194,81300,67750,Standard SZM,501 kW (420 PS),10/27/2019,138814 km,Tegucigalpa,East,MAN TGX 18.420 4X2 BLS(2)
197, Copy MAN TGX 19.420 4X195,81300,67750,Standard SZM,502 kW (420 PS),10/28/2019,138814 km,Tegucigalpa,East,MAN TGX 18.420 4X2 BLS(2)
198, Copy MAN TGX 19.420 4X196,81300,67750,Standard SZM,503 kW (420 PS),10/29/2019,138814 km,Tegucigalpa,East,MAN TGX 18.420 4X2 BLS(2)
199, Copy MAN TGX 19.420 4X197,81300,67750,Standard SZM,504 kW (420 PS),10/30/2019,138814 km,Tegucigalpa,East,MAN TGX 18.420 4X2 BLS(2)
200, Copy MAN TGX 19.420 4X198,81300,67750,Standard SZM,505 kW (420 PS),10/31/2019,138814 km,Tegucigalpa,East,MAN TGX 18.420 4X2 BLS(2)
201, Copy MAN TGX 19.420 4X199,81300,67750,Standard SZM,506 kW (420 PS),11/1/2019,138814 km,Tegucigalpa,East,MAN TGX 18.420 4X2 BLS(2)
202, Copy MAN TGX 19.420 4X200,81300,67750,Standard SZM,507 kW (420 PS),11/2/2019,138814 km,Tegucigalpa,East,MAN TGX 18.420 4X2 BLS(2)
